altar_lamp|Altar Lamp
b_chilled_pudding|Chilled Pudding
b_chopped_veggie_mix|Chopped Veggie Mix
b_cooked_skewer|Cooked Skewer
b_cut_potato|Cut Potato
b_filleted_fish|Filleted Fish
b_marinated_shrimp|Marinated Shrimp
b_packed_salad|Packed Salad
b_packed_snack_mix|Packed Snack Mix
b_pressed_tortilla|Pressed Tortilla
b_raw_cake_batter|Raw Cake Batter
b_raw_fish|Raw Fish
b_raw_garden_salad|Raw Garden Salad
b_raw_jerky_strip|Raw Jerky Strip
b_raw_meat_pie|Raw Meat Pie
b_raw_noodle_mix|Raw Noodle Mix
b_raw_potato|Raw Potato
b_raw_pudding_mix|Raw Pudding Mix
b_raw_rib_rack|Raw Rib Rack
b_raw_shrimp|Raw Shrimp
b_raw_skewer|Raw Skewer
b_raw_snack_mix|Raw Snack Mix
b_raw_veggie_mix|Raw Veggie Mix
b_seared_meat_pie|Seared Meat Pie
b_shaped_dumpling|Shaped Dumpling
b_shaped_sausage|Shaped Sausage
b_smoked_jerky_strip|Smoked Jerky Strip
b_steamed_parcel|Steamed Parcel
b_stir_fried_noodle|Stir-Fried Noodle
b_stretched_pizza_dough|Stretched Pizza Dough
blunt_axe_head|Blunt Axe Head
brass_compass|Brass Compass
brass_signet|Brass Signet
bronze_gear|Bronze Gear
bronze_scrap|Bronze Scrap
bucket|Iron Bucket Hoops
carved_heel|Carved Heel
claw|Forged Grappling Claw
copper|Raw Copper
copper_bar|Copper Bar
copper_ingot|Unrefined Copper Ingot
crude_glass|Crude Glass
crystal_core|Resonating Crystal Core
fabric|Fabric
flexible_wood|Flexible Wood
forged_steel_prod|Forged Steel Prod
forging_hammer|Forging Hammer
glass_lens|Glass Lens
granite_vessel|Granite Vessel
harness|Mounting Harness
harness_straps|Harness Straps
heavy_cables|Heavy Cables
hemp_cord|Braided Hemp Cord
hemp_fiber|Hemp Fiber
hemp_fiber_bundle|Hemp Fiber Bundle
high_carbon_steel_ingot|High-Carbon Steel Ingot
hook|Winch-Mounted Hook
iron_capped|Iron Capped Log
iron_core|Iron Inner Core
iron_grip|Iron Grip
iron_ingot|Iron Ingot
iron_lump|Raw Iron Lump
iron_ore|Iron Ore
iron_rim|Iron Rim
layered_wood|Layered Wood
leather|Leather
leather_strap|Leather Strap
leather_wrap|Leather Wrap
marble_stamp|Marble Stamp
metal_buckle|Metal Buckle
mounted_frame|Mounted Frame
needle|Copper Fertilizer Needle
oak_trunk|Oak Trunk
peeled_log|Peeled Log
processed_leather|Processed Leather
processed_wood|Processed Wood
raw_arcane_crystal|Raw Arcane Crystal
raw_granite|Raw Granite Slab
raw_hide|Raw Hide
raw_iron_lump|Raw Iron Lump
raw_marble|Raw Marble Block
raw_tar|Raw Tar
raw_wood|Raw Wood
rope_handled_wooden_chest|Rope-Handled Wooden Chest
sewn_lining|Sewn Lining
sharpened_tip|Sharpened Tip
shield_base|Shield Base
steel|Steel
steel_bar|Steel Bar
strung_steel_prod|Strung Steel Prod
syringe|Enchanted Botanist's Syringe
tanned_leather|Tanned Leather
tar_swab|Tar Swab
thread_needle|Thread & Needle
torsion_winch|Torsion Winch
tower_frame|Tower Frame
whetstone|Whetstone
wood_log|Wood Log
wooden_bow|Wooden Bow
wooden_bucket|Unfinished Wooden Bucket
wooden_firing_bed|Wooden Firing Bed
wooden_horn|Wooden Resonator Horn
wooden_ladder|Wooden Ladder
wooden_last|Wooden Last
wool|Raw Wool
